Configuration;MeasuredValue;PredictedValue
compression%_%compressionLrzip%_%level%_%level1%_%root%_%;208900;210062
compression%_%compressionLrzip%_%level%_%level2%_%root%_%;210450;210062
compression%_%compressionLrzip%_%level%_%level3%_%root%_%;283750;210062
compression%_%compressionLrzip%_%level%_%level4%_%root%_%;339780;210062
compression%_%compressionLrzip%_%level%_%level5%_%root%_%;340590;210062
compression%_%compressionLrzip%_%level%_%level6%_%root%_%;384660;210062
compression%_%compressionLrzip%_%level%_%level7%_%root%_%;1062250;210062
compression%_%compressionLrzip%_%level%_%level8%_%root%_%;1179830;210062
compression%_%compressionLrzip%_%level%_%level9%_%root%_%;827290;210062
compression%_%compressionBzip2%_%level%_%level1%_%root%_%;208350;192657
compression%_%compressionBzip2%_%level%_%level2%_%root%_%;213220;176883
compression%_%compressionBzip2%_%level%_%level3%_%root%_%;223040;176883
compression%_%compressionBzip2%_%level%_%level4%_%root%_%;234870;176883
compression%_%compressionBzip2%_%level%_%level5%_%root%_%;236720;176883
compression%_%compressionBzip2%_%level%_%level6%_%root%_%;248940;176883
compression%_%compressionBzip2%_%level%_%level7%_%root%_%;257480;176883
compression%_%compressionBzip2%_%level%_%level8%_%root%_%;263430;176883
compression%_%compressionBzip2%_%level%_%level9%_%root%_%;265980;176883
compression%_%compressionGzip%_%level%_%level1%_%root%_%;76470;103731.5
compression%_%compressionGzip%_%level%_%level2%_%root%_%;80360;90742
compression%_%compressionGzip%_%level%_%level3%_%root%_%;87690;92444
compression%_%compressionGzip%_%level%_%level4%_%root%_%;93090;92444
compression%_%compressionGzip%_%level%_%level5%_%root%_%;106090;92444
compression%_%compressionGzip%_%level%_%level6%_%root%_%;128450;92444
compression%_%compressionGzip%_%level%_%level7%_%root%_%;146410;92444
compression%_%compressionGzip%_%level%_%level8%_%root%_%;187970;92444
compression%_%compressionGzip%_%level%_%level9%_%root%_%;198360;92444
compression%_%compressionLzo%_%level%_%level1%_%root%_%;50520;69163.75
compression%_%compressionLzo%_%level%_%level2%_%root%_%;50610;50803.75
compression%_%compressionLzo%_%level%_%level3%_%root%_%;45490;53389.75
compression%_%compressionLzo%_%level%_%level4%_%root%_%;48050;53389.75
compression%_%compressionLzo%_%level%_%level5%_%root%_%;49850;53389.75
compression%_%compressionLzo%_%level%_%level6%_%root%_%;50420;53389.75
compression%_%compressionLzo%_%level%_%level7%_%root%_%;53060;53389.75
compression%_%compressionLzo%_%level%_%level8%_%root%_%;53480;53389.75
compression%_%compressionLzo%_%level%_%level9%_%root%_%;51500;53389.75
compression%_%compressionZpaq%_%level%_%level1%_%root%_%;673290;620926.05
compression%_%compressionZpaq%_%level%_%level2%_%root%_%;679680;620926.05
compression%_%compressionZpaq%_%level%_%level3%_%root%_%;674140;620926.05
compression%_%compressionZpaq%_%level%_%level4%_%root%_%;2267650;620926.05
compression%_%compressionZpaq%_%level%_%level5%_%root%_%;2265330;620926.05
compression%_%compressionZpaq%_%level%_%level6%_%root%_%;2265250;620926.05
compression%_%compressionZpaq%_%level%_%level7%_%root%_%;2275110;620926.05
compression%_%compressionZpaq%_%level%_%level8%_%root%_%;5765920;620926.05
compression%_%compressionZpaq%_%level%_%level9%_%root%_%;5759100;620926.05
level%_%level1%_%root%_%;41150;106261.5
level%_%level2%_%root%_%;41790;88396.5
level%_%level3%_%root%_%;42300;90487.5
level%_%level4%_%root%_%;43680;90487.5
level%_%level5%_%root%_%;43560;90487.5
level%_%level6%_%root%_%;45720;90487.5
level%_%level7%_%root%_%;44370;90487.5
level%_%level8%_%root%_%;46950;90487.5
level%_%level9%_%root%_%;45770;90487.5
compression%_%compressionLrzip%_%encryption%_%level%_%level1%_%root%_%;220490;219217
compression%_%compressionLrzip%_%encryption%_%level%_%level2%_%root%_%;222350;219217
compression%_%compressionLrzip%_%encryption%_%level%_%level3%_%root%_%;295950;219217
compression%_%compressionLrzip%_%encryption%_%level%_%level4%_%root%_%;350260;219217
compression%_%compressionLrzip%_%encryption%_%level%_%level5%_%root%_%;347130;219217
compression%_%compressionLrzip%_%encryption%_%level%_%level6%_%root%_%;395130;219217
compression%_%compressionLrzip%_%encryption%_%level%_%level7%_%root%_%;1070520;219217
compression%_%compressionLrzip%_%encryption%_%level%_%level8%_%root%_%;1185460;219217
compression%_%compressionLrzip%_%encryption%_%level%_%level9%_%root%_%;833620;219217
compression%_%compressionBzip2%_%encryption%_%level%_%level1%_%root%_%;213900;194938
compression%_%compressionBzip2%_%encryption%_%level%_%level2%_%root%_%;222830;180330
compression%_%compressionBzip2%_%encryption%_%level%_%level3%_%root%_%;233560;180330
compression%_%compressionBzip2%_%encryption%_%level%_%level4%_%root%_%;243700;180330
compression%_%compressionBzip2%_%encryption%_%level%_%level5%_%root%_%;250030;180330
compression%_%compressionBzip2%_%encryption%_%level%_%level6%_%root%_%;260550;180330
compression%_%compressionBzip2%_%encryption%_%level%_%level7%_%root%_%;263150;180330
compression%_%compressionBzip2%_%encryption%_%level%_%level8%_%root%_%;271090;180330
compression%_%compressionBzip2%_%encryption%_%level%_%level9%_%root%_%;274670;180330
compression%_%compressionGzip%_%encryption%_%level%_%level1%_%root%_%;88600;104852.5
compression%_%compressionGzip%_%encryption%_%level%_%level2%_%root%_%;89260;93023
compression%_%compressionGzip%_%encryption%_%level%_%level3%_%root%_%;97960;93565
compression%_%compressionGzip%_%encryption%_%level%_%level4%_%root%_%;103630;93565
compression%_%compressionGzip%_%encryption%_%level%_%level5%_%root%_%;114530;93565
compression%_%compressionGzip%_%encryption%_%level%_%level6%_%root%_%;139600;93565
compression%_%compressionGzip%_%encryption%_%level%_%level7%_%root%_%;156680;93565
compression%_%compressionGzip%_%encryption%_%level%_%level8%_%root%_%;198500;93565
compression%_%compressionGzip%_%encryption%_%level%_%level9%_%root%_%;205040;93565
compression%_%compressionLzo%_%encryption%_%level%_%level1%_%root%_%;65730;77506
compression%_%compressionLzo%_%encryption%_%level%_%level2%_%root%_%;59710;61472
compression%_%compressionLzo%_%encryption%_%level%_%level3%_%root%_%;61770;62898
compression%_%compressionLzo%_%encryption%_%level%_%level4%_%root%_%;60460;62898
compression%_%compressionLzo%_%encryption%_%level%_%level5%_%root%_%;61210;62898
compression%_%compressionLzo%_%encryption%_%level%_%level6%_%root%_%;61790;62898
compression%_%compressionLzo%_%encryption%_%level%_%level7%_%root%_%;64550;62898
compression%_%compressionLzo%_%encryption%_%level%_%level8%_%root%_%;63620;62898
compression%_%compressionLzo%_%encryption%_%level%_%level9%_%root%_%;64620;62898
compression%_%compressionZpaq%_%encryption%_%level%_%level1%_%root%_%;681080;622086.05
compression%_%compressionZpaq%_%encryption%_%level%_%level2%_%root%_%;684690;622086.05
compression%_%compressionZpaq%_%encryption%_%level%_%level3%_%root%_%;681250;622086.05
compression%_%compressionZpaq%_%encryption%_%level%_%level4%_%root%_%;2288260;622086.05
compression%_%compressionZpaq%_%encryption%_%level%_%level5%_%root%_%;2282110;622086.05
compression%_%compressionZpaq%_%encryption%_%level%_%level6%_%root%_%;2273900;622086.05
compression%_%compressionZpaq%_%encryption%_%level%_%level7%_%root%_%;2282560;622086.05
compression%_%compressionZpaq%_%encryption%_%level%_%level8%_%root%_%;5802460;622086.05
compression%_%compressionZpaq%_%encryption%_%level%_%level9%_%root%_%;5810950;622086.05
encryption%_%level%_%level1%_%root%_%;49760;111703.5
encryption%_%level%_%level2%_%root%_%;53200;96164.5
encryption%_%level%_%level3%_%root%_%;56980;97095.5
encryption%_%level%_%level4%_%root%_%;54820;97095.5
encryption%_%level%_%level5%_%root%_%;53500;97095.5
encryption%_%level%_%level6%_%root%_%;56570;97095.5
encryption%_%level%_%level7%_%root%_%;61280;97095.5
encryption%_%level%_%level8%_%root%_%;56430;97095.5
encryption%_%level%_%level9%_%root%_%;59650;97095.5
compression%_%compressionLrzip%_%level%_%level1%_%root%_%unlimitedWindowSize%_%;212880;210606.5
compression%_%compressionLrzip%_%level%_%level2%_%root%_%unlimitedWindowSize%_%;210810;210606.5
compression%_%compressionLrzip%_%level%_%level3%_%root%_%unlimitedWindowSize%_%;284060;210606.5
compression%_%compressionLrzip%_%level%_%level4%_%root%_%unlimitedWindowSize%_%;339360;210606.5
compression%_%compressionLrzip%_%level%_%level5%_%root%_%unlimitedWindowSize%_%;340300;210606.5
compression%_%compressionLrzip%_%level%_%level6%_%root%_%unlimitedWindowSize%_%;383910;210606.5
compression%_%compressionLrzip%_%level%_%level7%_%root%_%unlimitedWindowSize%_%;1061640;210606.5
compression%_%compressionLrzip%_%level%_%level8%_%root%_%unlimitedWindowSize%_%;1178930;210606.5
compression%_%compressionLrzip%_%level%_%level9%_%root%_%unlimitedWindowSize%_%;828640;210606.5
compression%_%compressionBzip2%_%level%_%level1%_%root%_%unlimitedWindowSize%_%;208080;193072.5
compression%_%compressionBzip2%_%level%_%level2%_%root%_%unlimitedWindowSize%_%;212850;177352.5
compression%_%compressionBzip2%_%level%_%level3%_%root%_%unlimitedWindowSize%_%;223100;177352.5
compression%_%compressionBzip2%_%level%_%level4%_%root%_%unlimitedWindowSize%_%;232720;177352.5
compression%_%compressionBzip2%_%level%_%level5%_%root%_%unlimitedWindowSize%_%;240110;177352.5
compression%_%compressionBzip2%_%level%_%level6%_%root%_%unlimitedWindowSize%_%;249760;177352.5
compression%_%compressionBzip2%_%level%_%level7%_%root%_%unlimitedWindowSize%_%;258170;177352.5
compression%_%compressionBzip2%_%level%_%level8%_%root%_%unlimitedWindowSize%_%;263330;177352.5
compression%_%compressionBzip2%_%level%_%level9%_%root%_%unlimitedWindowSize%_%;266710;177352.5
compression%_%compressionGzip%_%level%_%level1%_%root%_%unlimitedWindowSize%_%;77610;103889
compression%_%compressionGzip%_%level%_%level2%_%root%_%unlimitedWindowSize%_%;81720;90856.5
compression%_%compressionGzip%_%level%_%level3%_%root%_%unlimitedWindowSize%_%;91570;92526.5
compression%_%compressionGzip%_%level%_%level4%_%root%_%unlimitedWindowSize%_%;92590;92526.5
compression%_%compressionGzip%_%level%_%level5%_%root%_%unlimitedWindowSize%_%;109300;92526.5
compression%_%compressionGzip%_%level%_%level6%_%root%_%unlimitedWindowSize%_%;127760;92526.5
compression%_%compressionGzip%_%level%_%level7%_%root%_%unlimitedWindowSize%_%;145950;92526.5
compression%_%compressionGzip%_%level%_%level8%_%root%_%unlimitedWindowSize%_%;187730;92526.5
compression%_%compressionGzip%_%level%_%level9%_%root%_%unlimitedWindowSize%_%;198100;92526.5
compression%_%compressionLzo%_%level%_%level1%_%root%_%unlimitedWindowSize%_%;50740;69373
compression%_%compressionLzo%_%level%_%level2%_%root%_%unlimitedWindowSize%_%;51040;51121
compression%_%compressionLzo%_%level%_%level3%_%root%_%unlimitedWindowSize%_%;47370;53653
compression%_%compressionLzo%_%level%_%level4%_%root%_%unlimitedWindowSize%_%;47570;53653
compression%_%compressionLzo%_%level%_%level5%_%root%_%unlimitedWindowSize%_%;48640;53653
compression%_%compressionLzo%_%level%_%level6%_%root%_%unlimitedWindowSize%_%;50250;53653
compression%_%compressionLzo%_%level%_%level7%_%root%_%unlimitedWindowSize%_%;52700;53653
compression%_%compressionLzo%_%level%_%level8%_%root%_%unlimitedWindowSize%_%;52920;53653
compression%_%compressionLzo%_%level%_%level9%_%root%_%unlimitedWindowSize%_%;52010;53653
compression%_%compressionZpaq%_%level%_%level1%_%root%_%unlimitedWindowSize%_%;672520;620980.05
compression%_%compressionZpaq%_%level%_%level2%_%root%_%unlimitedWindowSize%_%;671740;620980.05
compression%_%compressionZpaq%_%level%_%level3%_%root%_%unlimitedWindowSize%_%;675720;620980.05
compression%_%compressionZpaq%_%level%_%level4%_%root%_%unlimitedWindowSize%_%;2271260;620980.05
compression%_%compressionZpaq%_%level%_%level5%_%root%_%unlimitedWindowSize%_%;2263060;620980.05
compression%_%compressionZpaq%_%level%_%level6%_%root%_%unlimitedWindowSize%_%;2271620;620980.05
compression%_%compressionZpaq%_%level%_%level7%_%root%_%unlimitedWindowSize%_%;2279890;620980.05
compression%_%compressionZpaq%_%level%_%level8%_%root%_%unlimitedWindowSize%_%;5768350;620980.05
compression%_%compressionZpaq%_%level%_%level9%_%root%_%unlimitedWindowSize%_%;5754200;620980.05
level%_%level1%_%root%_%unlimitedWindowSize%_%;41260;106764
level%_%level2%_%root%_%unlimitedWindowSize%_%;42910;88943
level%_%level3%_%root%_%unlimitedWindowSize%_%;41830;91044
level%_%level4%_%root%_%unlimitedWindowSize%_%;41590;91044
level%_%level5%_%root%_%unlimitedWindowSize%_%;43550;91044
level%_%level6%_%root%_%unlimitedWindowSize%_%;40550;91044
level%_%level7%_%root%_%unlimitedWindowSize%_%;47130;91044
level%_%level8%_%root%_%unlimitedWindowSize%_%;43330;91044
level%_%level9%_%root%_%unlimitedWindowSize%_%;45980;91044
compression%_%compressionLrzip%_%encryption%_%level%_%level1%_%root%_%unlimitedWindowSize%_%;221550;219382
compression%_%compressionLrzip%_%encryption%_%level%_%level2%_%root%_%unlimitedWindowSize%_%;220350;219382
compression%_%compressionLrzip%_%encryption%_%level%_%level3%_%root%_%unlimitedWindowSize%_%;295410;219382
compression%_%compressionLrzip%_%encryption%_%level%_%level4%_%root%_%unlimitedWindowSize%_%;350440;219382
compression%_%compressionLrzip%_%encryption%_%level%_%level5%_%root%_%unlimitedWindowSize%_%;351010;219382
compression%_%compressionLrzip%_%encryption%_%level%_%level6%_%root%_%unlimitedWindowSize%_%;389840;219382
compression%_%compressionLrzip%_%encryption%_%level%_%level7%_%root%_%unlimitedWindowSize%_%;1070210;219382
compression%_%compressionLrzip%_%encryption%_%level%_%level8%_%root%_%unlimitedWindowSize%_%;1186750;219382
compression%_%compressionLrzip%_%encryption%_%level%_%level9%_%root%_%unlimitedWindowSize%_%;832070;219382
compression%_%compressionBzip2%_%encryption%_%level%_%level1%_%root%_%unlimitedWindowSize%_%;212659;195190
compression%_%compressionBzip2%_%encryption%_%level%_%level2%_%root%_%unlimitedWindowSize%_%;225740;180582
compression%_%compressionBzip2%_%encryption%_%level%_%level3%_%root%_%unlimitedWindowSize%_%;234950;180582
compression%_%compressionBzip2%_%encryption%_%level%_%level4%_%root%_%unlimitedWindowSize%_%;242800;180582
compression%_%compressionBzip2%_%encryption%_%level%_%level5%_%root%_%unlimitedWindowSize%_%;250520;180582
compression%_%compressionBzip2%_%encryption%_%level%_%level6%_%root%_%unlimitedWindowSize%_%;259470;180582
compression%_%compressionBzip2%_%encryption%_%level%_%level7%_%root%_%unlimitedWindowSize%_%;268620;180582
compression%_%compressionBzip2%_%encryption%_%level%_%level8%_%root%_%unlimitedWindowSize%_%;268560;180582
compression%_%compressionBzip2%_%encryption%_%level%_%level9%_%root%_%unlimitedWindowSize%_%;276740;180582
compression%_%compressionGzip%_%encryption%_%level%_%level1%_%root%_%unlimitedWindowSize%_%;89450;104894.5
compression%_%compressionGzip%_%encryption%_%level%_%level2%_%root%_%unlimitedWindowSize%_%;92770;92968
compression%_%compressionGzip%_%encryption%_%level%_%level3%_%root%_%unlimitedWindowSize%_%;100240;93532
compression%_%compressionGzip%_%encryption%_%level%_%level4%_%root%_%unlimitedWindowSize%_%;106090;93532
compression%_%compressionGzip%_%encryption%_%level%_%level5%_%root%_%unlimitedWindowSize%_%;119050;93532
compression%_%compressionGzip%_%encryption%_%level%_%level6%_%root%_%unlimitedWindowSize%_%;140250;93532
compression%_%compressionGzip%_%encryption%_%level%_%level7%_%root%_%unlimitedWindowSize%_%;158380;93532
compression%_%compressionGzip%_%encryption%_%level%_%level8%_%root%_%unlimitedWindowSize%_%;199390;93532
compression%_%compressionGzip%_%encryption%_%level%_%level9%_%root%_%unlimitedWindowSize%_%;208740;93532
compression%_%compressionLzo%_%encryption%_%level%_%level1%_%root%_%unlimitedWindowSize%_%;60110;78098.5
compression%_%compressionLzo%_%encryption%_%level%_%level2%_%root%_%unlimitedWindowSize%_%;64640;62064.5
compression%_%compressionLzo%_%encryption%_%level%_%level3%_%root%_%unlimitedWindowSize%_%;58050;63490.5
compression%_%compressionLzo%_%encryption%_%level%_%level4%_%root%_%unlimitedWindowSize%_%;61000;63490.5
compression%_%compressionLzo%_%encryption%_%level%_%level5%_%root%_%unlimitedWindowSize%_%;61870;63490.5
compression%_%compressionLzo%_%encryption%_%level%_%level6%_%root%_%unlimitedWindowSize%_%;61690;63490.5
compression%_%compressionLzo%_%encryption%_%level%_%level7%_%root%_%unlimitedWindowSize%_%;65100;63490.5
compression%_%compressionLzo%_%encryption%_%level%_%level8%_%root%_%unlimitedWindowSize%_%;64130;63490.5
compression%_%compressionLzo%_%encryption%_%level%_%level9%_%root%_%unlimitedWindowSize%_%;64550;63490.5
compression%_%compressionZpaq%_%encryption%_%level%_%level1%_%root%_%unlimitedWindowSize%_%;680540;622092.05
compression%_%compressionZpaq%_%encryption%_%level%_%level2%_%root%_%unlimitedWindowSize%_%;680310;622092.05
compression%_%compressionZpaq%_%encryption%_%level%_%level3%_%root%_%unlimitedWindowSize%_%;681430;622092.05
compression%_%compressionZpaq%_%encryption%_%level%_%level4%_%root%_%unlimitedWindowSize%_%;2289050;622092.05
compression%_%compressionZpaq%_%encryption%_%level%_%level5%_%root%_%unlimitedWindowSize%_%;2278560;622092.05
compression%_%compressionZpaq%_%encryption%_%level%_%level6%_%root%_%unlimitedWindowSize%_%;2290710;622092.05
compression%_%compressionZpaq%_%encryption%_%level%_%level7%_%root%_%unlimitedWindowSize%_%;2282210;622092.05
compression%_%compressionZpaq%_%encryption%_%level%_%level8%_%root%_%unlimitedWindowSize%_%;5797710;622092.05
compression%_%compressionZpaq%_%encryption%_%level%_%level9%_%root%_%unlimitedWindowSize%_%;5811280;622092.05
encryption%_%level%_%level1%_%root%_%unlimitedWindowSize%_%;52650;112217.5
encryption%_%level%_%level2%_%root%_%unlimitedWindowSize%_%;49450;96614.5
encryption%_%level%_%level3%_%root%_%unlimitedWindowSize%_%;53530;97609.5
encryption%_%level%_%level4%_%root%_%unlimitedWindowSize%_%;57850;97609.5
encryption%_%level%_%level5%_%root%_%unlimitedWindowSize%_%;59380;97609.5
encryption%_%level%_%level6%_%root%_%unlimitedWindowSize%_%;58470;97609.5
encryption%_%level%_%level7%_%root%_%unlimitedWindowSize%_%;56940;97609.5
encryption%_%level%_%level8%_%root%_%unlimitedWindowSize%_%;59060;97609.5
encryption%_%level%_%level9%_%root%_%unlimitedWindowSize%_%;58760;97609.5
compression%_%compressionLrzip%_%disableCompressibilityTesting%_%level%_%level1%_%root%_%;212530;210062
compression%_%compressionLrzip%_%disableCompressibilityTesting%_%level%_%level2%_%root%_%;209160;210062
compression%_%compressionLrzip%_%disableCompressibilityTesting%_%level%_%level3%_%root%_%;283850;210062
compression%_%compressionLrzip%_%disableCompressibilityTesting%_%level%_%level4%_%root%_%;338900;210062
compression%_%compressionLrzip%_%disableCompressibilityTesting%_%level%_%level5%_%root%_%;339880;210062
compression%_%compressionLrzip%_%disableCompressibilityTesting%_%level%_%level6%_%root%_%;383300;210062
compression%_%compressionLrzip%_%disableCompressibilityTesting%_%level%_%level7%_%root%_%;1060630;210062
compression%_%compressionLrzip%_%disableCompressibilityTesting%_%level%_%level8%_%root%_%;1178530;210062
compression%_%compressionLrzip%_%disableCompressibilityTesting%_%level%_%level9%_%root%_%;828500;210062
compression%_%compressionBzip2%_%disableCompressibilityTesting%_%level%_%level1%_%root%_%;208010;192657
compression%_%compressionBzip2%_%disableCompressibilityTesting%_%level%_%level2%_%root%_%;215150;176883
compression%_%compressionBzip2%_%disableCompressibilityTesting%_%level%_%level3%_%root%_%;223090;176883
compression%_%compressionBzip2%_%disableCompressibilityTesting%_%level%_%level4%_%root%_%;232880;176883
compression%_%compressionBzip2%_%disableCompressibilityTesting%_%level%_%level5%_%root%_%;239080;176883
compression%_%compressionBzip2%_%disableCompressibilityTesting%_%level%_%level6%_%root%_%;248560;176883
compression%_%compressionBzip2%_%disableCompressibilityTesting%_%level%_%level7%_%root%_%;257790;176883
compression%_%compressionBzip2%_%disableCompressibilityTesting%_%level%_%level8%_%root%_%;262750;176883
compression%_%compressionBzip2%_%disableCompressibilityTesting%_%level%_%level9%_%root%_%;266990;176883
compression%_%compressionGzip%_%disableCompressibilityTesting%_%level%_%level1%_%root%_%;77430;103731.5
compression%_%compressionGzip%_%disableCompressibilityTesting%_%level%_%level2%_%root%_%;81420;90742
compression%_%compressionGzip%_%disableCompressibilityTesting%_%level%_%level3%_%root%_%;91630;92444
compression%_%compressionGzip%_%disableCompressibilityTesting%_%level%_%level4%_%root%_%;94420;92444
compression%_%compressionGzip%_%disableCompressibilityTesting%_%level%_%level5%_%root%_%;107250;92444
compression%_%compressionGzip%_%disableCompressibilityTesting%_%level%_%level6%_%root%_%;126550;92444
compression%_%compressionGzip%_%disableCompressibilityTesting%_%level%_%level7%_%root%_%;145660;92444
compression%_%compressionGzip%_%disableCompressibilityTesting%_%level%_%level8%_%root%_%;186750;92444
compression%_%compressionGzip%_%disableCompressibilityTesting%_%level%_%level9%_%root%_%;193590;92444
compression%_%compressionLzo%_%disableCompressibilityTesting%_%level%_%level1%_%root%_%;49440;69163.75
compression%_%compressionLzo%_%disableCompressibilityTesting%_%level%_%level2%_%root%_%;51360;50803.75
compression%_%compressionLzo%_%disableCompressibilityTesting%_%level%_%level3%_%root%_%;47910;53389.75
compression%_%compressionLzo%_%disableCompressibilityTesting%_%level%_%level4%_%root%_%;46750;53389.75
compression%_%compressionLzo%_%disableCompressibilityTesting%_%level%_%level5%_%root%_%;49160;53389.75
compression%_%compressionLzo%_%disableCompressibilityTesting%_%level%_%level6%_%root%_%;50200;53389.75
compression%_%compressionLzo%_%disableCompressibilityTesting%_%level%_%level7%_%root%_%;52880;53389.75
compression%_%compressionLzo%_%disableCompressibilityTesting%_%level%_%level8%_%root%_%;53450;53389.75
compression%_%compressionLzo%_%disableCompressibilityTesting%_%level%_%level9%_%root%_%;52040;53389.75
compression%_%compressionZpaq%_%disableCompressibilityTesting%_%level%_%level1%_%root%_%;672970;620926.05
compression%_%compressionZpaq%_%disableCompressibilityTesting%_%level%_%level2%_%root%_%;671500;620926.05
compression%_%compressionZpaq%_%disableCompressibilityTesting%_%level%_%level3%_%root%_%;673650;620926.05
compression%_%compressionZpaq%_%disableCompressibilityTesting%_%level%_%level4%_%root%_%;2271210;620926.05
compression%_%compressionZpaq%_%disableCompressibilityTesting%_%level%_%level5%_%root%_%;2264750;620926.05
compression%_%compressionZpaq%_%disableCompressibilityTesting%_%level%_%level6%_%root%_%;2267790;620926.05
compression%_%compressionZpaq%_%disableCompressibilityTesting%_%level%_%level7%_%root%_%;2275100;620926.05
compression%_%compressionZpaq%_%disableCompressibilityTesting%_%level%_%level8%_%root%_%;5565990;620926.05
compression%_%compressionZpaq%_%disableCompressibilityTesting%_%level%_%level9%_%root%_%;5578370;620926.05
disableCompressibilityTesting%_%level%_%level1%_%root%_%;40430;106261.5
disableCompressibilityTesting%_%level%_%level2%_%root%_%;44600;88396.5
disableCompressibilityTesting%_%level%_%level3%_%root%_%;41900;90487.5
disableCompressibilityTesting%_%level%_%level4%_%root%_%;42230;90487.5
disableCompressibilityTesting%_%level%_%level5%_%root%_%;43660;90487.5
disableCompressibilityTesting%_%level%_%level6%_%root%_%;44110;90487.5
disableCompressibilityTesting%_%level%_%level7%_%root%_%;46710;90487.5
disableCompressibilityTesting%_%level%_%level8%_%root%_%;48150;90487.5
disableCompressibilityTesting%_%level%_%level9%_%root%_%;45270;90487.5
compression%_%compressionLrzip%_%disableCompressibilityTesting%_%encryption%_%level%_%level1%_%root%_%;220780;219217
compression%_%compressionLrzip%_%disableCompressibilityTesting%_%encryption%_%level%_%level2%_%root%_%;220370;219217
compression%_%compressionLrzip%_%disableCompressibilityTesting%_%encryption%_%level%_%level3%_%root%_%;296210;219217
compression%_%compressionLrzip%_%disableCompressibilityTesting%_%encryption%_%level%_%level4%_%root%_%;350440;219217
compression%_%compressionLrzip%_%disableCompressibilityTesting%_%encryption%_%level%_%level5%_%root%_%;349540;219217
compression%_%compressionLrzip%_%disableCompressibilityTesting%_%encryption%_%level%_%level6%_%root%_%;392630;219217
compression%_%compressionLrzip%_%disableCompressibilityTesting%_%encryption%_%level%_%level7%_%root%_%;1067140;219217
compression%_%compressionLrzip%_%disableCompressibilityTesting%_%encryption%_%level%_%level8%_%root%_%;1183670;219217
compression%_%compressionLrzip%_%disableCompressibilityTesting%_%encryption%_%level%_%level9%_%root%_%;833190;219217
compression%_%compressionBzip2%_%disableCompressibilityTesting%_%encryption%_%level%_%level1%_%root%_%;214970;194938
compression%_%compressionBzip2%_%disableCompressibilityTesting%_%encryption%_%level%_%level2%_%root%_%;224880;180330
compression%_%compressionBzip2%_%disableCompressibilityTesting%_%encryption%_%level%_%level3%_%root%_%;234460;180330
compression%_%compressionBzip2%_%disableCompressibilityTesting%_%encryption%_%level%_%level4%_%root%_%;244100;180330
compression%_%compressionBzip2%_%disableCompressibilityTesting%_%encryption%_%level%_%level5%_%root%_%;250660;180330
compression%_%compressionBzip2%_%disableCompressibilityTesting%_%encryption%_%level%_%level6%_%root%_%;259530;180330
compression%_%compressionBzip2%_%disableCompressibilityTesting%_%encryption%_%level%_%level7%_%root%_%;268330;180330
compression%_%compressionBzip2%_%disableCompressibilityTesting%_%encryption%_%level%_%level8%_%root%_%;268830;180330
compression%_%compressionBzip2%_%disableCompressibilityTesting%_%encryption%_%level%_%level9%_%root%_%;272930;180330
compression%_%compressionGzip%_%disableCompressibilityTesting%_%encryption%_%level%_%level1%_%root%_%;89180;104852.5
compression%_%compressionGzip%_%disableCompressibilityTesting%_%encryption%_%level%_%level2%_%root%_%;90930;93023
compression%_%compressionGzip%_%disableCompressibilityTesting%_%encryption%_%level%_%level3%_%root%_%;102280;93565
compression%_%compressionGzip%_%disableCompressibilityTesting%_%encryption%_%level%_%level4%_%root%_%;106310;93565
compression%_%compressionGzip%_%disableCompressibilityTesting%_%encryption%_%level%_%level5%_%root%_%;117480;93565
compression%_%compressionGzip%_%disableCompressibilityTesting%_%encryption%_%level%_%level6%_%root%_%;138260;93565
compression%_%compressionGzip%_%disableCompressibilityTesting%_%encryption%_%level%_%level7%_%root%_%;155440;93565
compression%_%compressionGzip%_%disableCompressibilityTesting%_%encryption%_%level%_%level8%_%root%_%;199110;93565
compression%_%compressionGzip%_%disableCompressibilityTesting%_%encryption%_%level%_%level9%_%root%_%;208540;93565
compression%_%compressionLzo%_%disableCompressibilityTesting%_%encryption%_%level%_%level1%_%root%_%;64910;77506
compression%_%compressionLzo%_%disableCompressibilityTesting%_%encryption%_%level%_%level2%_%root%_%;62210;61472
compression%_%compressionLzo%_%disableCompressibilityTesting%_%encryption%_%level%_%level3%_%root%_%;61350;62898
compression%_%compressionLzo%_%disableCompressibilityTesting%_%encryption%_%level%_%level4%_%root%_%;59970;62898
compression%_%compressionLzo%_%disableCompressibilityTesting%_%encryption%_%level%_%level5%_%root%_%;57750;62898
compression%_%compressionLzo%_%disableCompressibilityTesting%_%encryption%_%level%_%level6%_%root%_%;62120;62898
compression%_%compressionLzo%_%disableCompressibilityTesting%_%encryption%_%level%_%level7%_%root%_%;64570;62898
compression%_%compressionLzo%_%disableCompressibilityTesting%_%encryption%_%level%_%level8%_%root%_%;63590;62898
compression%_%compressionLzo%_%disableCompressibilityTesting%_%encryption%_%level%_%level9%_%root%_%;64670;62898
compression%_%compressionZpaq%_%disableCompressibilityTesting%_%encryption%_%level%_%level1%_%root%_%;680310;622086.05
compression%_%compressionZpaq%_%disableCompressibilityTesting%_%encryption%_%level%_%level2%_%root%_%;683560;622086.05
compression%_%compressionZpaq%_%disableCompressibilityTesting%_%encryption%_%level%_%level3%_%root%_%;679100;622086.05
compression%_%compressionZpaq%_%disableCompressibilityTesting%_%encryption%_%level%_%level4%_%root%_%;2275940;622086.05
compression%_%compressionZpaq%_%disableCompressibilityTesting%_%encryption%_%level%_%level5%_%root%_%;2269330;622086.05
compression%_%compressionZpaq%_%disableCompressibilityTesting%_%encryption%_%level%_%level6%_%root%_%;2272580;622086.05
compression%_%compressionZpaq%_%disableCompressibilityTesting%_%encryption%_%level%_%level7%_%root%_%;2287710;622086.05
compression%_%compressionZpaq%_%disableCompressibilityTesting%_%encryption%_%level%_%level8%_%root%_%;5615690;622086.05
compression%_%compressionZpaq%_%disableCompressibilityTesting%_%encryption%_%level%_%level9%_%root%_%;5619060;622086.05
disableCompressibilityTesting%_%encryption%_%level%_%level1%_%root%_%;54530;111703.5
disableCompressibilityTesting%_%encryption%_%level%_%level2%_%root%_%;53870;96164.5
disableCompressibilityTesting%_%encryption%_%level%_%level3%_%root%_%;53750;97095.5
disableCompressibilityTesting%_%encryption%_%level%_%level4%_%root%_%;57800;97095.5
disableCompressibilityTesting%_%encryption%_%level%_%level5%_%root%_%;52070;97095.5
disableCompressibilityTesting%_%encryption%_%level%_%level6%_%root%_%;56570;97095.5
disableCompressibilityTesting%_%encryption%_%level%_%level7%_%root%_%;56650;97095.5
disableCompressibilityTesting%_%encryption%_%level%_%level8%_%root%_%;57660;97095.5
disableCompressibilityTesting%_%encryption%_%level%_%level9%_%root%_%;57250;97095.5
compression%_%compressionLrzip%_%disableCompressibilityTesting%_%level%_%level1%_%root%_%unlimitedWindowSize%_%;211900;210606.5
compression%_%compressionLrzip%_%disableCompressibilityTesting%_%level%_%level2%_%root%_%unlimitedWindowSize%_%;210150;210606.5
compression%_%compressionLrzip%_%disableCompressibilityTesting%_%level%_%level3%_%root%_%unlimitedWindowSize%_%;284170;210606.5
compression%_%compressionLrzip%_%disableCompressibilityTesting%_%level%_%level4%_%root%_%unlimitedWindowSize%_%;338270;210606.5
compression%_%compressionLrzip%_%disableCompressibilityTesting%_%level%_%level5%_%root%_%unlimitedWindowSize%_%;339300;210606.5
compression%_%compressionLrzip%_%disableCompressibilityTesting%_%level%_%level6%_%root%_%unlimitedWindowSize%_%;383480;210606.5
compression%_%compressionLrzip%_%disableCompressibilityTesting%_%level%_%level7%_%root%_%unlimitedWindowSize%_%;1060950;210606.5
compression%_%compressionLrzip%_%disableCompressibilityTesting%_%level%_%level8%_%root%_%unlimitedWindowSize%_%;1179410;210606.5
compression%_%compressionLrzip%_%disableCompressibilityTesting%_%level%_%level9%_%root%_%unlimitedWindowSize%_%;828190;210606.5
compression%_%compressionBzip2%_%disableCompressibilityTesting%_%level%_%level1%_%root%_%unlimitedWindowSize%_%;207830;193072.5
compression%_%compressionBzip2%_%disableCompressibilityTesting%_%level%_%level2%_%root%_%unlimitedWindowSize%_%;214010;177352.5
compression%_%compressionBzip2%_%disableCompressibilityTesting%_%level%_%level3%_%root%_%unlimitedWindowSize%_%;223860;177352.5
compression%_%compressionBzip2%_%disableCompressibilityTesting%_%level%_%level4%_%root%_%unlimitedWindowSize%_%;232120;177352.5
compression%_%compressionBzip2%_%disableCompressibilityTesting%_%level%_%level5%_%root%_%unlimitedWindowSize%_%;240350;177352.5
compression%_%compressionBzip2%_%disableCompressibilityTesting%_%level%_%level6%_%root%_%unlimitedWindowSize%_%;248530;177352.5
compression%_%compressionBzip2%_%disableCompressibilityTesting%_%level%_%level7%_%root%_%unlimitedWindowSize%_%;257260;177352.5
compression%_%compressionBzip2%_%disableCompressibilityTesting%_%level%_%level8%_%root%_%unlimitedWindowSize%_%;262800;177352.5
compression%_%compressionBzip2%_%disableCompressibilityTesting%_%level%_%level9%_%root%_%unlimitedWindowSize%_%;265720;177352.5
compression%_%compressionGzip%_%disableCompressibilityTesting%_%level%_%level1%_%root%_%unlimitedWindowSize%_%;77620;103889
compression%_%compressionGzip%_%disableCompressibilityTesting%_%level%_%level2%_%root%_%unlimitedWindowSize%_%;80780;90856.5
compression%_%compressionGzip%_%disableCompressibilityTesting%_%level%_%level3%_%root%_%unlimitedWindowSize%_%;91400;92526.5
compression%_%compressionGzip%_%disableCompressibilityTesting%_%level%_%level4%_%root%_%unlimitedWindowSize%_%;94130;92526.5
compression%_%compressionGzip%_%disableCompressibilityTesting%_%level%_%level5%_%root%_%unlimitedWindowSize%_%;108370;92526.5
compression%_%compressionGzip%_%disableCompressibilityTesting%_%level%_%level6%_%root%_%unlimitedWindowSize%_%;132130;92526.5
compression%_%compressionGzip%_%disableCompressibilityTesting%_%level%_%level7%_%root%_%unlimitedWindowSize%_%;145620;92526.5
compression%_%compressionGzip%_%disableCompressibilityTesting%_%level%_%level8%_%root%_%unlimitedWindowSize%_%;189150;92526.5
compression%_%compressionGzip%_%disableCompressibilityTesting%_%level%_%level9%_%root%_%unlimitedWindowSize%_%;199420;92526.5
compression%_%compressionLzo%_%disableCompressibilityTesting%_%level%_%level1%_%root%_%unlimitedWindowSize%_%;50590;69373
compression%_%compressionLzo%_%disableCompressibilityTesting%_%level%_%level2%_%root%_%unlimitedWindowSize%_%;51150;51121
compression%_%compressionLzo%_%disableCompressibilityTesting%_%level%_%level3%_%root%_%unlimitedWindowSize%_%;47560;53653
compression%_%compressionLzo%_%disableCompressibilityTesting%_%level%_%level4%_%root%_%unlimitedWindowSize%_%;47680;53653
compression%_%compressionLzo%_%disableCompressibilityTesting%_%level%_%level5%_%root%_%unlimitedWindowSize%_%;49640;53653
compression%_%compressionLzo%_%disableCompressibilityTesting%_%level%_%level6%_%root%_%unlimitedWindowSize%_%;50600;53653
compression%_%compressionLzo%_%disableCompressibilityTesting%_%level%_%level7%_%root%_%unlimitedWindowSize%_%;52930;53653
compression%_%compressionLzo%_%disableCompressibilityTesting%_%level%_%level8%_%root%_%unlimitedWindowSize%_%;52190;53653
compression%_%compressionLzo%_%disableCompressibilityTesting%_%level%_%level9%_%root%_%unlimitedWindowSize%_%;52800;53653
compression%_%compressionZpaq%_%disableCompressibilityTesting%_%level%_%level1%_%root%_%unlimitedWindowSize%_%;678540;620980.05
compression%_%compressionZpaq%_%disableCompressibilityTesting%_%level%_%level2%_%root%_%unlimitedWindowSize%_%;672390;620980.05
compression%_%compressionZpaq%_%disableCompressibilityTesting%_%level%_%level3%_%root%_%unlimitedWindowSize%_%;673780;620980.05
compression%_%compressionZpaq%_%disableCompressibilityTesting%_%level%_%level4%_%root%_%unlimitedWindowSize%_%;2270490;620980.05
compression%_%compressionZpaq%_%disableCompressibilityTesting%_%level%_%level5%_%root%_%unlimitedWindowSize%_%;2275750;620980.05
compression%_%compressionZpaq%_%disableCompressibilityTesting%_%level%_%level6%_%root%_%unlimitedWindowSize%_%;2272850;620980.05
compression%_%compressionZpaq%_%disableCompressibilityTesting%_%level%_%level7%_%root%_%unlimitedWindowSize%_%;2272220;620980.05
compression%_%compressionZpaq%_%disableCompressibilityTesting%_%level%_%level8%_%root%_%unlimitedWindowSize%_%;5622640;620980.05
compression%_%compressionZpaq%_%disableCompressibilityTesting%_%level%_%level9%_%root%_%unlimitedWindowSize%_%;5574160;620980.05
disableCompressibilityTesting%_%level%_%level1%_%root%_%unlimitedWindowSize%_%;42130;106764
disableCompressibilityTesting%_%level%_%level2%_%root%_%unlimitedWindowSize%_%;42170;88943
disableCompressibilityTesting%_%level%_%level3%_%root%_%unlimitedWindowSize%_%;37470;91044
disableCompressibilityTesting%_%level%_%level4%_%root%_%unlimitedWindowSize%_%;41880;91044
disableCompressibilityTesting%_%level%_%level5%_%root%_%unlimitedWindowSize%_%;45160;91044
disableCompressibilityTesting%_%level%_%level6%_%root%_%unlimitedWindowSize%_%;44970;91044
disableCompressibilityTesting%_%level%_%level7%_%root%_%unlimitedWindowSize%_%;47280;91044
disableCompressibilityTesting%_%level%_%level8%_%root%_%unlimitedWindowSize%_%;46170;91044
disableCompressibilityTesting%_%level%_%level9%_%root%_%unlimitedWindowSize%_%;48000;91044
compression%_%compressionLrzip%_%disableCompressibilityTesting%_%encryption%_%level%_%level1%_%root%_%unlimitedWindowSize%_%;218000;219382
compression%_%compressionLrzip%_%disableCompressibilityTesting%_%encryption%_%level%_%level2%_%root%_%unlimitedWindowSize%_%;216030;219382
compression%_%compressionLrzip%_%disableCompressibilityTesting%_%encryption%_%level%_%level3%_%root%_%unlimitedWindowSize%_%;294370;219382
compression%_%compressionLrzip%_%disableCompressibilityTesting%_%encryption%_%level%_%level4%_%root%_%unlimitedWindowSize%_%;350470;219382
compression%_%compressionLrzip%_%disableCompressibilityTesting%_%encryption%_%level%_%level5%_%root%_%unlimitedWindowSize%_%;351120;219382
compression%_%compressionLrzip%_%disableCompressibilityTesting%_%encryption%_%level%_%level6%_%root%_%unlimitedWindowSize%_%;394700;219382
compression%_%compressionLrzip%_%disableCompressibilityTesting%_%encryption%_%level%_%level7%_%root%_%unlimitedWindowSize%_%;1065840;219382
compression%_%compressionLrzip%_%disableCompressibilityTesting%_%encryption%_%level%_%level8%_%root%_%unlimitedWindowSize%_%;1181340;219382
compression%_%compressionLrzip%_%disableCompressibilityTesting%_%encryption%_%level%_%level9%_%root%_%unlimitedWindowSize%_%;832650;219382
compression%_%compressionBzip2%_%disableCompressibilityTesting%_%encryption%_%level%_%level1%_%root%_%unlimitedWindowSize%_%;215240;195190
compression%_%compressionBzip2%_%disableCompressibilityTesting%_%encryption%_%level%_%level2%_%root%_%unlimitedWindowSize%_%;225540;180582
compression%_%compressionBzip2%_%disableCompressibilityTesting%_%encryption%_%level%_%level3%_%root%_%unlimitedWindowSize%_%;234680;180582
compression%_%compressionBzip2%_%disableCompressibilityTesting%_%encryption%_%level%_%level4%_%root%_%unlimitedWindowSize%_%;243550;180582
compression%_%compressionBzip2%_%disableCompressibilityTesting%_%encryption%_%level%_%level5%_%root%_%unlimitedWindowSize%_%;252110;180582
compression%_%compressionBzip2%_%disableCompressibilityTesting%_%encryption%_%level%_%level6%_%root%_%unlimitedWindowSize%_%;255810;180582
compression%_%compressionBzip2%_%disableCompressibilityTesting%_%encryption%_%level%_%level7%_%root%_%unlimitedWindowSize%_%;266870;180582
compression%_%compressionBzip2%_%disableCompressibilityTesting%_%encryption%_%level%_%level8%_%root%_%unlimitedWindowSize%_%;272830;180582
compression%_%compressionBzip2%_%disableCompressibilityTesting%_%encryption%_%level%_%level9%_%root%_%unlimitedWindowSize%_%;278140;180582
compression%_%compressionGzip%_%disableCompressibilityTesting%_%encryption%_%level%_%level1%_%root%_%unlimitedWindowSize%_%;89350;104894.5
compression%_%compressionGzip%_%disableCompressibilityTesting%_%encryption%_%level%_%level2%_%root%_%unlimitedWindowSize%_%;92800;92968
compression%_%compressionGzip%_%disableCompressibilityTesting%_%encryption%_%level%_%level3%_%root%_%unlimitedWindowSize%_%;102270;93532
compression%_%compressionGzip%_%disableCompressibilityTesting%_%encryption%_%level%_%level4%_%root%_%unlimitedWindowSize%_%;107550;93532
compression%_%compressionGzip%_%disableCompressibilityTesting%_%encryption%_%level%_%level5%_%root%_%unlimitedWindowSize%_%;118090;93532
compression%_%compressionGzip%_%disableCompressibilityTesting%_%encryption%_%level%_%level6%_%root%_%unlimitedWindowSize%_%;139300;93532
compression%_%compressionGzip%_%disableCompressibilityTesting%_%encryption%_%level%_%level7%_%root%_%unlimitedWindowSize%_%;155300;93532
compression%_%compressionGzip%_%disableCompressibilityTesting%_%encryption%_%level%_%level8%_%root%_%unlimitedWindowSize%_%;200050;93532
compression%_%compressionGzip%_%disableCompressibilityTesting%_%encryption%_%level%_%level9%_%root%_%unlimitedWindowSize%_%;208620;93532
compression%_%compressionLzo%_%disableCompressibilityTesting%_%encryption%_%level%_%level1%_%root%_%unlimitedWindowSize%_%;65400;78098.5
compression%_%compressionLzo%_%disableCompressibilityTesting%_%encryption%_%level%_%level2%_%root%_%unlimitedWindowSize%_%;62270;62064.5
compression%_%compressionLzo%_%disableCompressibilityTesting%_%encryption%_%level%_%level3%_%root%_%unlimitedWindowSize%_%;61680;63490.5
compression%_%compressionLzo%_%disableCompressibilityTesting%_%encryption%_%level%_%level4%_%root%_%unlimitedWindowSize%_%;60850;63490.5
compression%_%compressionLzo%_%disableCompressibilityTesting%_%encryption%_%level%_%level5%_%root%_%unlimitedWindowSize%_%;60850;63490.5
compression%_%compressionLzo%_%disableCompressibilityTesting%_%encryption%_%level%_%level6%_%root%_%unlimitedWindowSize%_%;61880;63490.5
compression%_%compressionLzo%_%disableCompressibilityTesting%_%encryption%_%level%_%level7%_%root%_%unlimitedWindowSize%_%;64570;63490.5
compression%_%compressionLzo%_%disableCompressibilityTesting%_%encryption%_%level%_%level8%_%root%_%unlimitedWindowSize%_%;65070;63490.5
compression%_%compressionLzo%_%disableCompressibilityTesting%_%encryption%_%level%_%level9%_%root%_%unlimitedWindowSize%_%;64270;63490.5
compression%_%compressionZpaq%_%disableCompressibilityTesting%_%encryption%_%level%_%level1%_%root%_%unlimitedWindowSize%_%;682360;622092.05
compression%_%compressionZpaq%_%disableCompressibilityTesting%_%encryption%_%level%_%level2%_%root%_%unlimitedWindowSize%_%;685410;622092.05
compression%_%compressionZpaq%_%disableCompressibilityTesting%_%encryption%_%level%_%level3%_%root%_%unlimitedWindowSize%_%;686140;622092.05
compression%_%compressionZpaq%_%disableCompressibilityTesting%_%encryption%_%level%_%level4%_%root%_%unlimitedWindowSize%_%;2277300;622092.05
compression%_%compressionZpaq%_%disableCompressibilityTesting%_%encryption%_%level%_%level5%_%root%_%unlimitedWindowSize%_%;2280880;622092.05
compression%_%compressionZpaq%_%disableCompressibilityTesting%_%encryption%_%level%_%level6%_%root%_%unlimitedWindowSize%_%;2272890;622092.05
compression%_%compressionZpaq%_%disableCompressibilityTesting%_%encryption%_%level%_%level7%_%root%_%unlimitedWindowSize%_%;2274210;622092.05
compression%_%compressionZpaq%_%disableCompressibilityTesting%_%encryption%_%level%_%level8%_%root%_%unlimitedWindowSize%_%;5588490;622092.05
compression%_%compressionZpaq%_%disableCompressibilityTesting%_%encryption%_%level%_%level9%_%root%_%unlimitedWindowSize%_%;5765570;622092.05
disableCompressibilityTesting%_%encryption%_%level%_%level1%_%root%_%unlimitedWindowSize%_%;54290;112217.5
disableCompressibilityTesting%_%encryption%_%level%_%level2%_%root%_%unlimitedWindowSize%_%;52900;96614.5
disableCompressibilityTesting%_%encryption%_%level%_%level3%_%root%_%unlimitedWindowSize%_%;55520;97609.5
disableCompressibilityTesting%_%encryption%_%level%_%level4%_%root%_%unlimitedWindowSize%_%;54750;97609.5
disableCompressibilityTesting%_%encryption%_%level%_%level5%_%root%_%unlimitedWindowSize%_%;56950;97609.5
disableCompressibilityTesting%_%encryption%_%level%_%level6%_%root%_%unlimitedWindowSize%_%;57860;97609.5
disableCompressibilityTesting%_%encryption%_%level%_%level7%_%root%_%unlimitedWindowSize%_%;58700;97609.5
disableCompressibilityTesting%_%encryption%_%level%_%level8%_%root%_%unlimitedWindowSize%_%;57320;97609.5
disableCompressibilityTesting%_%encryption%_%level%_%level9%_%root%_%unlimitedWindowSize%_%;53990;97609.5
